牡丹亭,9.4,大陆,音乐,https://movie.douban.com/subject/4731050/,https://img1.doubanio.com/view/photo/s_ratio_poster/public/p2365538258.jpg
许巍：此时此刻,9.4,大陆,音乐,https://movie.douban.com/subject/24857835/,https://img3.doubanio.com/view/photo/s_ratio_poster/public/p2037823701.jpg
丝路花雨,9.3,大陆,音乐,https://movie.douban.com/subject/3804492/,https://img1.doubanio.com/view/photo/s_ratio_poster/public/p2266845549.jpg
陆游与唐琬,9.3,大陆,音乐,https://movie.douban.com/subject/10877448/,https://img3.doubanio.com/view/subject/l/public/s10480612.jpg
齐天乐,9.2,大陆,音乐,https://movie.douban.com/subject/11498192/,https://img3.doubanio.com/view/photo/s_ratio_poster/public/p2515927004.jpg
越剧红楼梦,9.2,大陆,音乐,https://movie.douban.com/subject/4827535/,https://img3.doubanio.com/view/subject/l/public/s4356746.jpg
极限公益联欢会,9.1,大陆,音乐,https://movie.douban.com/subject/26830080/,https://img1.doubanio.com/view/photo/s_ratio_poster/public/p2369019019.jpg
游园惊梦,9.1,大陆,音乐,https://movie.douban.com/subject/11593132/,https://img3.doubanio.com/view/photo/s_ratio_poster/public/p2391649272.jpg
大象进行时,9.1,大陆,音乐,https://movie.douban.com/subject/5256132/,https://img1.doubanio.com/view/photo/s_ratio_poster/public/p615574839.jpg
长征组歌,9.1,大陆,音乐,https://movie.douban.com/subject/4917844/,https://img1.doubanio.com/view/subject/l/public/s4418917.jpg
一百年的歌声,9.1,大陆,音乐,https://movie.douban.com/subject/1915881/,https://img3.doubanio.com/view/subject/l/public/s1889635.jpg
王菲：幻乐一场,8.9,大陆,音乐,https://movie.douban.com/subject/27059170/,https://img1.doubanio.com/view/photo/s_ratio_poster/public/p2461160969.jpg
绝不松开我的拳头,9.0,大陆,音乐,https://movie.douban.com/subject/26199883/,https://img1.doubanio.com/view/photo/s_ratio_poster/public/p2207905589.jpg
光芒背后,9.0,大陆,音乐,https://movie.douban.com/subject/26780074/,https://img1.doubanio.com/view/photo/s_ratio_poster/public/p2340206699.jpg
阿希克：最后的游吟,9.0,大陆,音乐,https://movie.douban.com/subject/24839558/,https://img3.doubanio.com/view/photo/s_ratio_poster/public/p2265772561.jpg
久石让在武道馆：与宫崎骏动画一同走过的25年,9.7,日本,音乐,https://movie.douban.com/subject/4167113/,https://img1.doubanio.com/view/photo/s_ratio_poster/public/p2163632289.jpg
平安结祈,9.7,日本,音乐,https://movie.douban.com/subject/10461367/,https://img3.doubanio.com/view/photo/s_ratio_poster/public/p1407592064.jpg
KinKi Kids 你不在身边的夏天 songs,9.8,日本,音乐,https://movie.douban.com/subject/27605662/,https://img3.doubanio.com/view/photo/s_ratio_poster/public/p2507748550.jpg
Me and My Girl,9.6,日本,音乐,https://movie.douban.com/subject/11577118/,https://img3.doubanio.com/view/photo/s_ratio_poster/public/p2510934952.jpg
化学兄弟：不去想,9.6,日本,音乐,https://movie.douban.com/subject/10514980/,https://img3.doubanio.com/view/photo/s_ratio_poster/public/p1812694894.jpg
KinKi Kids ～硝子の少年達の「今」～,9.6,日本,音乐,https://movie.douban.com/subject/26920950/,https://img1.doubanio.com/view/photo/s_ratio_poster/public/p2399937958.jpg
中岛美雪LIVE 歌旅剧场版,9.7,日本,音乐,https://movie.douban.com/subject/10566667/,https://img3.doubanio.com/view/photo/s_ratio_poster/public/p1485850700.jpg
Arch Enemy: Tyrants of the Rising Sun,9.6,日本,音乐,https://movie.douban.com/subject/4170515/,https://img3.doubanio.com/view/subject/l/public/s4078391.jpg
秋日长夜的海女演奏会～大友良英和伙伴们的大音乐会,9.5,日本,音乐,https://movie.douban.com/subject/25728737/,https://img3.doubanio.com/view/photo/s_ratio_poster/public/p2165434480.jpg
Guns N' Roses: Use Your Illusion II,9.5,日本,音乐,https://movie.douban.com/subject/1465606/,https://img3.doubanio.com/view/subject/l/public/s1483605.jpg
转世熏风,9.5,日本,音乐,https://movie.douban.com/subject/25745644/,https://img3.doubanio.com/view/photo/s_ratio_poster/public/p2317900073.jpg
Yoshiki Symphonic Concert 2002 with Tokyo City Philharmonic Orchestra Featuring Violet UK,9.5,日本,音乐,https://movie.douban.com/subject/1842047/,https://img3.doubanio.com/view/subject/l/public/s1731983.jpg
烈焰焚音,9.4,日本,音乐,https://movie.douban.com/subject/2142180/,https://img3.doubanio.com/view/photo/s_ratio_poster/public/p1178962682.jpg
年轻岁月合唱团2011巡演,9.4,日本,音乐,https://movie.douban.com/subject/6097384/,https://img3.doubanio.com/view/photo/s_ratio_poster/public/p1981468495.jpg
Guns N' Roses: Use Your Illusion I,9.4,日本,音乐,https://movie.douban.com/subject/1465603/,https://img3.doubanio.com/view/subject/l/public/s1483602.jpg
Fool Cool Rock! - One OK Rock Documentary Film,9.4,日本,音乐,https://movie.douban.com/subject/25849510/,https://img1.doubanio.com/view/photo/s_ratio_poster/public/p2175057228.jpg
废弃人生,9.4,日本,音乐,https://movie.douban.com/subject/26360924/,https://img1.doubanio.com/view/photo/s_ratio_poster/public/p2236891539.jpg
生命之歌~战后70年~,9.4,日本,音乐,https://movie.douban.com/subject/26584809/,https://img1.doubanio.com/view/photo/s_ratio_poster/public/p2260517798.jpg
德雷拉之歌,9.4,日本,音乐,https://movie.douban.com/subject/3284794/,https://img3.doubanio.com/view/subject/l/public/s7026726.jpg
乃木坂46 4th Anniversary 乃木坂46時間TV,9.4,日本,音乐,https://movie.douban.com/subject/26733346/,https://img3.doubanio.com/view/photo/s_ratio_poster/public/p2321654622.jpg
杰尼斯跨年演唱会2015-2016,9.3,日本,音乐,https://movie.douban.com/subject/26700736/,https://img3.doubanio.com/view/photo/s_ratio_poster/public/p2304716481.jpg
CNBLUE 的故事：永不停止,9.3,日本,音乐,https://movie.douban.com/subject/25769877/,https://img1.doubanio.com/view/photo/s_ratio_poster/public/p2158685039.jpg
来自上海的绅士,9.3,日本,音乐,https://movie.douban.com/subject/26035282/,https://img3.doubanio.com/view/photo/s_ratio_poster/public/p2251180936.jpg
RADWIMPS 2014 Document 4×4,9.2,日本,音乐,https://movie.douban.com/subject/26260849/,https://img3.doubanio.com/view/photo/s_ratio_poster/public/p2211193810.jpg
我们是X,9.1,日本,音乐,https://movie.douban.com/subject/26679190/,https://img1.doubanio.com/view/photo/s_ratio_poster/public/p2310367629.jpg
8UPPERS FEATURE MUSIC FILM,9.0,日本,音乐,https://movie.douban.com/subject/6839118/,https://img1.doubanio.com/view/photo/s_ratio_poster/public/p1210671627.jpg
天空依旧,9.0,日本,音乐,https://movie.douban.com/subject/2269979/,https://img3.doubanio.com/view/photo/s_ratio_poster/public/p1759598871.jpg
76岁的执念-小泽征尔患食道癌的这一年,9.0,日本,音乐,https://movie.douban.com/subject/20443009/,https://img3.doubanio.com/view/photo/s_ratio_poster/public/p1818097752.jpg
音乐带来希望,9.0,日本,音乐,https://movie.douban.com/subject/3636373/,https://img3.doubanio.com/view/subject/l/public/s3696481.jpg
很久没有敬我了你,9.0,日本,音乐,https://movie.douban.com/subject/6829660/,https://img3.doubanio.com/view/photo/s_ratio_poster/public/p1772288652.jpg
牡丹亭,9.4,大陆,爱情,https://movie.douban.com/subject/4731050/,https://img1.doubanio.com/view/photo/s_ratio_poster/public/p2365538258.jpg
狐妖小红娘剧场版：王权富贵,9.2,大陆,爱情,https://movie.douban.com/subject/26946612/,https://img3.doubanio.com/view/photo/s_ratio_poster/public/p2409467410.jpg
狐妖小红娘剧场版：月红篇,9.2,大陆,爱情,https://movie.douban.com/subject/26972694/,https://img3.doubanio.com/view/photo/s_ratio_poster/public/p2427045524.jpg
红楼梦,9.1,大陆,爱情,https://movie.douban.com/subject/1329969/,https://img3.doubanio.com/view/photo/s_ratio_poster/public/p2322451692.jpg
花为媒,9.1,大陆,爱情,https://movie.douban.com/subject/2357317/,https://img3.doubanio.com/view/photo/s_ratio_poster/public/p2173058450.jpg
金花路5号,9.1,大陆,爱情,https://movie.douban.com/subject/2282452/,https://img3.doubanio.com/view/photo/s_ratio_poster/public/p1961367162.jpg
芙蓉镇,9.0,大陆,爱情,https://movie.douban.com/subject/1297880/,https://img3.doubanio.com/view/photo/s_ratio_poster/public/p2184544013.jpg
绝不松开我的拳头,9.0,大陆,爱情,https://movie.douban.com/subject/26199883/,https://img1.doubanio.com/view/photo/s_ratio_poster/public/p2207905589.jpg
KinKi Kids 你不在身边的夏天 songs,9.8,日本,爱情,https://movie.douban.com/subject/27605662/,https://img3.doubanio.com/view/photo/s_ratio_poster/public/p2507748550.jpg
人生果实,9.6,日本,爱情,https://movie.douban.com/subject/26874505/,https://img3.doubanio.com/view/photo/s_ratio_poster/public/p2511465254.jpg
Me and My Girl,9.6,日本,爱情,https://movie.douban.com/subject/11577118/,https://img3.doubanio.com/view/photo/s_ratio_poster/public/p2510934952.jpg
KinKi Kids ～硝子の少年達の「今」～,9.6,日本,爱情,https://movie.douban.com/subject/26920950/,https://img1.doubanio.com/view/photo/s_ratio_poster/public/p2399937958.jpg
北国之恋：1987初恋,9.5,日本,爱情,https://movie.douban.com/subject/3794147/,https://img3.doubanio.com/view/photo/s_ratio_poster/public/p2472830331.jpg
北国之恋：1989归乡,9.5,日本,爱情,https://movie.douban.com/subject/3794149/,https://img3.doubanio.com/view/photo/s_ratio_poster/public/p2143869665.jpg
飄,9.4,日本,爱情,https://movie.douban.com/subject/26555978/,https://img3.doubanio.com/view/photo/s_ratio_poster/public/p2256610543.jpg
回忆积木小屋,9.3,日本,爱情,https://movie.douban.com/subject/3560787/,https://img3.doubanio.com/view/photo/s_ratio_poster/public/p2205961264.jpg
千与千寻,9.2,日本,爱情,https://movie.douban.com/subject/1291561/,https://img3.doubanio.com/view/photo/s_ratio_poster/public/p1606727862.jpg
奥丁领域,9.2,日本,爱情,https://movie.douban.com/subject/5450837/,https://img3.doubanio.com/view/photo/s_ratio_poster/public/p784512610.jpg
最完美的离婚 2014特别篇,9.1,日本,爱情,https://movie.douban.com/subject/25790749/,https://img1.doubanio.com/view/photo/s_ratio_poster/public/p2186872257.jpg
女人步上楼梯时,9.1,日本,爱情,https://movie.douban.com/subject/1419479/,https://img1.doubanio.com/view/photo/s_ratio_poster/public/p1805354637.jpg
命运石之门：横行跋扈的浪荡之徒,9.1,日本,爱情,https://movie.douban.com/subject/10521690/,https://img3.doubanio.com/view/photo/s_ratio_poster/public/p1432532161.jpg
倒数第二次恋爱 2012秋SP,9.1,日本,爱情,https://movie.douban.com/subject/19955789/,https://img3.doubanio.com/view/photo/s_ratio_poster/public/p1998695160.jpg
情迷意乱,9.1,日本,爱情,https://movie.douban.com/subject/1422091/,https://img3.doubanio.com/view/photo/s_ratio_poster/public/p1449763371.jpg
蜂蜜与四叶草 LF特别篇,9.1,日本,爱情,https://movie.douban.com/subject/6733294/,https://img1.doubanio.com/view/photo/s_ratio_poster/public/p2509581309.jpg
元气少女缘结神OVA：神明 幸福美满,9.1,日本,爱情,https://movie.douban.com/subject/26899000/,https://img3.doubanio.com/view/photo/s_ratio_poster/public/p2391890320.jpg
天空之城,9.0,日本,爱情,https://movie.douban.com/subject/1291583/,https://img1.doubanio.com/view/photo/s_ratio_poster/public/p1446261379.jpg
高智能方程式赛车 TV总集篇,9.0,日本,爱情,https://movie.douban.com/subject/4906417/,https://img3.doubanio.com/view/subject/l/public/s4412555.jpg
放浪男孩OVA 告白 ～Each Seasons～,9.0,日本,爱情,https://movie.douban.com/subject/6902342/,https://img1.doubanio.com/view/photo/s_ratio_poster/public/p2509356959.jpg
牡丹亭,9.4,大陆,文艺,https://movie.douban.com/subject/4731050/,https://img1.doubanio.com/view/photo/s_ratio_poster/public/p2365538258.jpg
许巍：此时此刻,9.4,大陆,文艺,https://movie.douban.com/subject/24857835/,https://img3.doubanio.com/view/photo/s_ratio_poster/public/p2037823701.jpg
荒山泪,9.2,大陆,文艺,https://movie.douban.com/subject/3724033/,https://img3.doubanio.com/view/photo/s_ratio_poster/public/p1945500364.jpg
齐天乐,9.2,大陆,文艺,https://movie.douban.com/subject/11498192/,https://img3.doubanio.com/view/photo/s_ratio_poster/public/p2515927004.jpg
颐和园,,大陆,文艺,https://movie.douban.com/subject/27621097/,https://img3.doubanio.com/view/photo/s_ratio_poster/public/p2509979285.jpg
游园惊梦,9.1,大陆,文艺,https://movie.douban.com/subject/11593132/,https://img3.doubanio.com/view/photo/s_ratio_poster/public/p2391649272.jpg
一磅肉,9.0,大陆,文艺,https://movie.douban.com/subject/3543679/,https://img3.doubanio.com/view/photo/s_ratio_poster/public/p2342489640.jpg
东京物语,9.2,日本,文艺,https://movie.douban.com/subject/1291568/,https://img3.doubanio.com/view/photo/s_ratio_poster/public/p1910832390.jpg
情迷意乱,9.1,日本,文艺,https://movie.douban.com/subject/1422091/,https://img3.doubanio.com/view/photo/s_ratio_poster/public/p1449763371.jpg
日本之形,9.1,日本,文艺,https://movie.douban.com/subject/2085511/,https://img3.doubanio.com/view/photo/s_ratio_poster/public/p2253859656.jpg
无人知晓,9.0,日本,文艺,https://movie.douban.com/subject/1292337/,https://img3.doubanio.com/view/photo/s_ratio_poster/public/p661160053.jpg
放浪男孩OVA 告白 ～Each Seasons～,9.0,日本,文艺,https://movie.douban.com/subject/6902342/,https://img1.doubanio.com/view/photo/s_ratio_poster/public/p2509356959.jpg
